Telefono,Nombre,Email,Direccion,Estado
1-411-313-3943,Jeanette Lynn,tellus.id@yahoo.couk,Ap #489-6055 Nunc Road,Zamora de Hidalgo
1-616-349-9735,Ila Case,turpis.aliquam@hotmail.net,"P.O. Box 929, 9952 Et Ave",Soledad de Graciano Sánchez
1-659-703-8388,Cailin Wyatt,imperdiet.dictum@aol.com,104-9032 Nunc St.,Irapuato
1-661-391-5557,Tucker Norman,iaculis@aol.ca,3967 Duis Av.,Ensenada
1-758-759-2968,Carolyn Koch,ornare.sagittis@yahoo.net,Ap #883-1110 Nunc. Road,Tehuacán
1-927-283-2693,Guy Foreman,nullam.vitae@hotmail.edu,139-5327 Et Ave,Tehuacán
1-455-105-5122,Walker Lopez,adipiscing.mauris@icloud.net,Ap #493-5968 Orci Avenue,Mérida
1-597-415-3322,Kaitlin Buckner,nulla.tempor@hotmail.ca,Ap #956-1998 Imperdiet Av.,Culiacán
1-988-982-5283,Steven Mcintosh,arcu.curabitur@icloud.ca,"P.O. Box 801, 9252 Donec Ave",Chilpancingo
1-774-841-7456,Bernard Holloway,consequat@google.org,5378 Vitae Rd.,Boca del Río
1-841-551-1626,Ramona Levy,ante@hotmail.net,Ap #607-6926 Nunc Street,Zamora de Hidalgo
1-655-233-2671,Mechelle Bird,metus.vivamus@google.com,"P.O. Box 213, 5719 Et Ave",Puerto Vallarta
1-508-888-5544,Fatima Mack,pretium@outlook.com,604-6079 Duis Rd.,Tehuacán
1-252-271-4136,Erich Campos,diam.at@google.couk,7323 Curabitur Av.,Jiutepec
1-715-283-6316,Latifah Cabrera,neque.pellentesque.massa@icloud.ca,993-2648 Massa. Avenue,Tapachula
1-135-463-2403,Hakeem Garrison,et@aol.org,633-1337 Vulputate Avenue,Villahermosa
1-346-297-2782,Kylynn Wall,nullam@google.net,1381 Aliquam Ave,Tonalá
1-784-155-3143,Jeanette Wolfe,rutrum.urna@aol.net,"P.O. Box 655, 7508 Erat, Av.",Tehuacán
1-368-197-3736,Shannon Lewis,mauris@protonmail.com,831-2166 Vel St.,Tehuacán
1-784-258-5159,Tate Callahan,ut.sem@icloud.net,758-5613 Elementum St.,Tuxtla Gutiérrez
1-485-358-5331,Nolan Henson,velit.sed@google.org,8928 Ac Avenue,Tonalá
1-414-183-2966,Maggie Henson,mi.eleifend@protonmail.couk,Ap #428-395 Curabitur Street,Pachuca
1-915-835-1644,Christine Burgess,tellus.non@protonmail.couk,Ap #969-3110 Velit. Street,Ciudad Victoria
1-365-377-2315,Harlan Mosley,donec.sollicitudin.adipiscing@aol.edu,558-2577 Velit St.,Celaya
1-924-818-2264,Oren Bishop,lacinia.vitae@aol.edu,Ap #688-6871 Ut St.,Jiutepec
1-941-694-0614,Jacqueline Holland,sit.amet@outlook.edu,Ap #909-3554 Pellentesque Av.,Chihuahua
1-735-677-2766,Luke Wells,egestas.a@outlook.ca,"P.O. Box 719, 2061 Elit Street",Pachuca
1-588-325-6120,Colin Reilly,at.augue.id@yahoo.couk,Ap #488-219 Malesuada Rd.,Mérida
1-829-257-1073,Destiny West,consequat.nec@protonmail.net,"851-3827 Vel, Avenue",Ciudad Obregón
1-433-182-4846,Tyrone Donaldson,vel.mauris.integer@hotmail.net,"P.O. Box 903, 4433 Tellus St.",Mexico City
1-737-333-1687,Leslie Aguirre,sodales.at.velit@icloud.couk,Ap #908-5038 Morbi Road,Mérida
1-511-689-5551,Kellie Nolan,proin.vel@outlook.org,"P.O. Box 564, 1050 Nec St.",Celaya
1-796-838-2338,Brett Serrano,mattis.velit@outlook.org,Ap #399-646 Sem Road,Pachuca
1-888-585-4749,Tobias Le,risus.at@yahoo.com,675-4770 Ipsum. Road,Juárez
1-354-689-5877,Miriam Randall,eget.venenatis.a@google.couk,"P.O. Box 131, 9747 Nec St.",Mexico City
1-365-249-6115,Kiayada Wall,diam.sed@outlook.org,"Ap #387-5978 Tellus, St.",Ciudad Victoria
1-728-374-1472,Skyler Strong,a@yahoo.com,"P.O. Box 367, 7098 Est. Ave",Guadalupe
1-887-532-6127,Leo Mayer,eu@icloud.edu,732-4579 Gravida St.,Villahermosa
1-369-605-6106,Teagan Wheeler,pharetra@google.com,"P.O. Box 394, 8248 Amet Ave",Querétaro
1-268-156-7587,Jeremy Roberson,aliquet.magna@aol.com,"P.O. Box 554, 6787 Elit Road",Salamanca
1-605-997-8373,Beck Gonzales,sed.eget@hotmail.ca,502-3559 Vestibulum. Rd.,Soledad de Graciano Sánchez
1-974-243-4267,Melissa Randolph,erat.sed.nunc@outlook.edu,164-6471 Nam Street,Tapachula
1-733-821-1488,Wade Mcguire,vel.nisl@protonmail.ca,614-5790 Arcu. Rd.,Tehuacán
1-797-682-5058,Daniel Lawrence,penatibus@icloud.com,"P.O. Box 102, 2696 In St.",Mexicali
1-477-622-4002,Risa Rodgers,enim.sed.nulla@protonmail.couk,2089 Eget Avenue,Oaxaca
1-449-408-3682,Cruz Bates,fringilla.donec@protonmail.org,"P.O. Box 347, 1094 Sollicitudin Street",Minatitlán
1-431-556-1653,Cain Suarez,quam@hotmail.net,9004 Nulla. St.,San Juan del Río
1-476-650-4766,Germaine Boyd,nullam.vitae@yahoo.net,"P.O. Box 214, 1907 Mollis Rd.",Ensenada
1-655-216-3723,Rashad Hendrix,tempus.mauris@hotmail.com,681-2565 Nec Av.,Oaxaca
1-614-865-0551,Danielle Mcfarland,eu.tellus.eu@hotmail.ca,"P.O. Box 430, 5892 Ornare Rd.",Villahermosa
1-611-268-2077,Michael Gallagher,commodo.auctor@protonmail.couk,Ap #860-5635 In St.,Iguala
1-927-550-8454,Leandra Boyle,vestibulum.ante@yahoo.couk,9214 Quam Rd.,Oaxaca
1-166-822-5744,Fredericka Short,nec.cursus@yahoo.net,Ap #674-3452 Odio. Ave,Mexicali
1-868-564-2682,Kessie Norris,a@google.edu,535-1452 Integer Rd.,Villahermosa
1-467-630-2515,Halla Hampton,dolor.donec.fringilla@google.couk,Ap #845-1492 Faucibus Street,Tonalá
1-915-757-4481,Maryam Dejesus,ac.turpis.egestas@hotmail.net,185-1042 Ligula St.,Los Mochis
1-463-944-5347,Joseph Jarvis,magna@outlook.ca,720-862 Nec Rd.,Pachuca
1-844-161-6391,Darius James,morbi.quis.urna@outlook.ca,6831 Tellus St.,Mexico City
1-438-355-4812,Alan Wall,tempor.diam.dictum@outlook.couk,Ap #113-6370 At Ave,Navojoa
1-337-373-2848,Baxter Evans,cras.pellentesque@google.couk,"127-636 Vel, St.",Jiutepec
1-996-444-4285,Hannah Foster,ac.arcu@hotmail.ca,821-3183 Tristique Av.,Ciudad Obregón
1-286-249-1818,Patrick Daugherty,luctus.ut@protonmail.edu,Ap #192-4689 Arcu. Street,Ciudad Victoria
1-974-272-5864,Meghan Tyler,cum@outlook.org,5154 Magna. Road,San Luis Potosí
1-533-292-2360,Wylie Dunn,orci.donec.nibh@aol.couk,"P.O. Box 524, 4880 Nisi Street",Villahermosa
1-548-735-9772,Daphne Kim,ullamcorper.viverra@aol.edu,1697 Tempor Rd.,Tapachula
1-332-242-7125,Sage Castaneda,lorem.eu.metus@hotmail.com,Ap #393-3298 Ullamcorper St.,Ciudad Madero
1-540-292-3447,Serena Miles,sed@icloud.com,Ap #168-9937 Sed Ave,Juárez
1-946-743-7427,Stuart Owen,mauris.ut@google.edu,361-4847 Dictum. Av.,Soledad de Graciano Sánchez
1-915-737-1302,Levi Dyer,dictum.placerat@hotmail.edu,Ap #640-6269 Mauris Ave,Pachuca
1-647-488-1446,Dieter Dunlap,est@hotmail.net,Ap #495-9328 Gravida Av.,Poza Rica
1-948-265-8737,Dean Carney,pede.cras@yahoo.net,"Ap #653-673 Urna, Road",San Juan del Río
1-699-531-4215,Alisa Buck,donec.consectetuer@google.net,Ap #470-5185 Cursus. Av.,Ciudad Valles
1-710-819-6923,Gillian Kent,enim@outlook.com,Ap #114-2858 Interdum Street,Villahermosa
1-832-640-4439,Lee Mccarthy,in.condimentum.donec@yahoo.net,316-8819 Enim. St.,Guadalajara
1-160-986-3131,Coby Cardenas,justo.sit.amet@yahoo.ca,570-5200 Metus Rd.,Tehuacán
1-357-586-5645,Dante Ford,habitant@yahoo.couk,103-3500 Eu St.,Puerto Vallarta
1-665-675-1778,John Freeman,hendrerit.consectetuer@icloud.com,"P.O. Box 524, 1117 Dapibus Rd.",Juárez
1-865-844-2260,Orli Bradley,commodo.ipsum@outlook.ca,"914-4578 Mauris, Rd.",Tehuacán
1-323-517-1344,Colt Stevens,dis@protonmail.net,Ap #811-5698 Odio St.,Mérida
1-304-345-4274,Jada Ayala,velit.quisque@outlook.org,896-6556 Nulla Road,Tlaquepaque
1-703-870-5589,Ivor Hopkins,molestie.arcu.sed@icloud.org,Ap #884-1715 Augue Rd.,Oaxaca
1-571-747-5761,Germane Head,gravida@protonmail.org,824-1433 Blandit Street,Mazatlán
1-960-535-9851,Hayley Bolton,sed@yahoo.org,"P.O. Box 293, 4966 Mattis Road",Los Mochis
1-839-426-6759,Audrey Rhodes,consectetuer@outlook.org,Ap #740-3554 Vel Ave,Ciudad Victoria
1-185-988-8455,Kareem Arnold,fames.ac@google.org,Ap #762-8761 Turpis Road,Querétaro
1-918-531-1224,Wade Cash,in@protonmail.org,732-5482 Mi Ave,Monterrey
1-664-210-2576,Giselle Logan,nullam@hotmail.com,226-9054 Morbi Rd.,Ciudad Madero
1-929-947-2633,Raymond Jacobs,ipsum.curabitur@aol.org,Ap #876-7614 Nec Road,Zapopan
1-507-478-7827,Vera Mays,metus@outlook.ca,Ap #781-6175 Ligula Avenue,Mexicali
1-732-807-9748,Eve Fitzpatrick,dictum.eleifend.nunc@aol.com,365-958 Turpis St.,Coatzacoalcos
1-423-248-1105,Lucius Rivas,in@icloud.edu,659-6327 Accumsan Rd.,Puerto Vallarta
1-500-275-9957,Damian Barber,sit.amet@aol.edu,7851 Mi Rd.,Salamanca
1-568-858-1157,Geoffrey Davidson,enim@yahoo.ca,5209 Fusce Rd.,Monclova
1-630-624-4211,Pamela Puckett,rutrum.non.hendrerit@aol.ca,Ap #951-3192 Faucibus. Rd.,San Cristóbal de las Casas
1-930-837-4592,Lara Madden,donec.felis.orci@yahoo.edu,6020 Venenatis Rd.,Culiacán
1-161-571-5179,Fredericka Meyer,urna.nec.luctus@google.edu,"P.O. Box 721, 3668 Nulla Road",Oaxaca
1-385-723-8864,Kieran Ball,faucibus.orci@icloud.com,116-5547 Nibh Rd.,Cuautla
1-464-918-9261,Evan Russo,libero.et@icloud.net,"Ap #634-7538 Non, Street",Nuevo Laredo
1-175-172-7515,Basil Saunders,lobortis.mauris.suspendisse@outlook.edu,"P.O. Box 599, 8785 Fermentum Rd.",Soledad de Graciano Sánchez
1-899-246-7740,Erich Ballard,risus.in.mi@aol.edu,359-9276 Erat Street,Celaya